method,frame,x,y,z,forward_x,forward_y,forward_z
se3,0,-3.0,0.75,0.9,0.42506180818548867,-0.09918108857661401,-0.8997141606592843
se3,1,-2.9914543423664655,0.7563815422864391,0.8946128835394509,0.42423339095709073,-0.1003203493844847,-0.8999788094707691
se3,2,-2.9668146950014638,0.7747387679477236,0.8789921313772562,0.4218397897579788,-0.10360652857534912,-0.9007313023391101
se3,3,-2.9275920544226826,0.8038297027502599,0.8538557972954752,0.41801409747935203,-0.10884178456057242,-0.901896712624119
se3,4,-2.8753136543803754,0.842352430111982,0.8198344347307693,0.41288541109151783,-0.11582758405763839,-0.90338785030526
se3,5,-2.8115188606270527,0.8889692759340395,0.7775129804348028,0.4065809805048535,-0.12436454235428894,-0.9051106931733377
se3,6,-2.737755281267507,0.9423286548338817,0.7274681001664031,0.3992281098481543,-0.13425231155900288,-0.9069692570027577
se3,7,-2.6555746717789135,1.0010849508114377,0.6703006804644482,0.3909557658554582,-0.14528957852632954,-0.9088699178188335
se3,8,-2.5665284040734266,1.0639166217173444,0.606663260502887,0.3818958666409245,-0.15727420681457768,-0.9107251895678644
se3,9,-2.472162435529232,1.1295425576232634,0.5372822975313764,0.3721842405996594,-0.1700035330554292,-0.9124569522985325
se3,10,-2.374011855876086,1.1967365914870056,0.46297525306421355,0.3619612597103432,-0.18327480752786876,-0.9139991200184625
se3,11,-2.273595206443264,1.264339958074272,0.3846625765458056,0.3513721641859474,-0.19688575160245594,-0.9152997339949464
se3,12,-2.1724088569979796,1.3312714243508408,0.3033747480665231,0.34056710614935476,-0.21063519114245444,-0.9163224664174918
se3,13,-2.071921789935909,1.3965347707096984,0.2202546193458521,0.3297009486399449,-0.22432371499583068,-0.9170475207732637
se3,14,-1.9735711800225775,1.4592232855979326,0.1365553588361581,0.31893286257177866,-0.23775430143900078,-0.9174719185452074
se3,15,-1.8787591707551838,1.5185209436063138,0.05363435783415693,0.30842576803326394,-0.2507328528462983,-0.9176091663211782
se3,16,-1.7888512367022018,1.5736999654394461,-0.027056514967041867,0.29834566732393214,-0.26306857990957433,-0.9174883024068466
se3,17,-1.705176486266992,1.6241145035395652,-0.10398391771104587,0.2888609151835941,-0.2745741813147226,-0.9171523268436089
se3,18,-1.6290302028750914,1.669190255551499,-0.17554892963482327,0.28014146665070333,-0.28506577274385453,-0.9166560226566679
se3,19,-1.5616788463577667,1.7084098756459964,-0.24010552320773038,0.2723581348157651,-0.29436253023354036,-0.9160631786040663
se3,20,-1.5043676418999214,1.741294128034495,-0.2959813933376748,0.26568187939446986,-0.3022860271019268,-0.915443224225487
se3,21,-1.4583307725083356,1.7673788060344364,-0.3415010496000531,0.26028313256661534,-0.30865926071657857,-0.9148672863728404
se3,22,-1.4248040629759235,1.7861875235979325,-0.3750112388784733,0.2563311509841975,-0.3133053852385088,-0.9144036726827305
se3,23,-1.4050398981931738,1.7972005761329004,-0.3949089594358982,0.2539933623502984,-0.316046189181408,-0.9141127819836562
se3,24,-1.39939738113411,1.7998902144506672,-0.3997740315752869,0.25328723596775254,-0.31672451006375457,-0.9140739361893493
se3,25,-1.3789008968034806,1.7961558897971184,-0.3921384978138341,0.24957934205027943,-0.3160166014059723,-0.9153380029571417
se3,26,-1.3310194753235391,1.7874302640484703,-0.3746793063108135,0.2409192502414536,-0.31436305892242034,-0.9182231657108388
se3,27,-1.2580498835238636,1.7741276025574577,-0.34908013441737756,0.227726496270904,-0.31184362200599763,-0.9224392653775956
se3,28,-1.1622237352045146,1.7566490457881794,-0.3172842798065652,0.21041022110374727,-0.30853592272649355,-0.9276492458048912
se3,29,-1.045767379674879,1.7353943787964061,-0.2813771844441475,0.18937932773563806,-0.30451748541351015,-0.9334905309127834
se3,30,-0.9109531063015621,1.7107721090689394,-0.24347984452372695,0.16505113468194574,-0.29986743312151076,-0.9395944047796999
se3,31,-0.7601385220760666,1.6832072523979085,-0.20565214445417979,0.1378579577187367,-0.29466779235918356,-0.9456035509872962
se3,32,-0.5957922984616315,1.6531464811488925,-0.1698060226889989,0.10825129593467676,-0.2890043339854032,-0.951187758471542
se3,33,-0.4205056956725546,1.6210605199262385,-0.13762909007490648,0.07670351903557585,-0.28296693023213,-0.9560576795165467
se3,34,-0.23699036975117127,1.5874438828166035,-0.1105198192541928,0.04370715209055999,-0.2766494458165034,-0.9599764418909217
se3,35,-0.04806394186381091,1.552812232544208,-0.08953567917537442,0.00977202986546563,-0.27014921474458037,-0.9627688763172577
se3,36,0.14337436338689646,1.5176978004856982,-0.07535560279585019,-0.02457925865965707,-0.2635661828788068,-0.9643281222107115
se3,37,0.33437505435941905,1.4826434315193202,-0.06825797461408578,-0.05881709951570938,-0.25700181857986076,-0.964619414096152
se3,38,0.5219732870811806,1.448195902976337,-0.06811495501985537,-0.09241114354348773,-0.2505579086833866,-0.9636809196747607
se3,39,0.703223756248275,1.4148992075447793,-0.07440348394950647,-0.12483650907904491,-0.2443353639007147,-0.9616215866693419
se3,40,0.8752320034985779,1.3832884829626635,-0.08623280000681893,-0.15557926006514736,-0.23843315599209994,-0.9586160461630236
se3,41,1.0351788762844105,1.3538852164071398,-0.10238784849996047,-0.1841405768563008,-0.232947498765313,-0.9548967016248475
se3,42,1.1803354000256299,1.327194250831697,-0.12138760303841417,-0.2100391336521188,-0.22797136656216638,-0.9507431926458616
se3,43,1.3080660701380094,1.3037029782895904,-0.14155714830732297,-0.2328113307867876,-0.2235944182129521,-0.9464694503264732
se3,44,1.4158195015676838,1.2838829266741743,-0.16111240542762434,-0.2520091969064552,-0.21990336242782738,-0.9424085504002492
se3,45,1.5011064657795594,1.268193736224538,-0.17825664079413767,-0.26719597067339224,-0.21698276315151907,-0.9388955180162676
se3,46,1.5614665815503876,1.2570892839179482,-0.191288370910467,-0.2779395910292081,-0.2149162411178812,-0.9362481471502505
se3,47,1.594426304193291,1.2510254480342988,-0.19872091391884955,-0.2838045690589574,-0.21378798075640962,-0.9347457760617892
se3,48,1.6011115522312067,1.2495881443527754,-0.19888524984797654,-0.2849137542901651,-0.21349004801878854,-0.9344764052736798
se3,49,1.6132381659057007,1.2450874336838134,-0.18674232947077288,-0.2861944090781283,-0.2123215867643859,-0.9343512744178575
se3,50,1.6378123056880531,1.2359248115440227,-0.16223918760082856,-0.2887832214933035,-0.2099564795255389,-0.9340891433311874
se3,51,1.673728482956563,1.222432566513088,-0.12667581537586103,-0.29255159307221856,-0.2065063256162155,-0.9336855481752927
se3,52,1.7199016793648532,1.2049133852330693,-0.08138665448064708,-0.2973697113092519,-0.20208220394387466,-0.9331313078259879
se3,53,1.7752550585563251,1.183656785817952,-0.027723886623959526,-0.30310703200879263,-0.19679509765955824,-0.9324150452904467
se3,54,1.8387091846311663,1.1589536634647122,0.03295760586142282,-0.3096327259483909,-0.19075625605476226,-0.9315254294960169
se3,55,1.909172879150084,1.1311088797542956,0.09931374906490387,-0.3168161045420202,-0.18407748010390224,-0.9304531354245721
se3,56,1.9855357854335944,1.1004518558028302,0.1700233174782943,-0.3245270314128065,-0.17687132489969376,-0.9291925205847377
se3,57,2.066662653434168,1.0673451553402216,0.2437984982403245,-0.3326363200607942,-0.16925121820070066,-0.9277430159877205
se3,58,2.1513893100687733,1.0321910676251185,0.31939391735135986,-0.3410161121733502,-0.16133149941578326,-0.926110230228793
se3,59,2.2385202385369833,0.9954362220209104,0.39561402260647477,-0.3495402265914352,-0.1532273875844806,-0.9243067660081492
se3,60,2.3268276560569565,0.9575742858153387,0.4713186876187207,-0.35808446551984413,-0.14505489026021284,-0.9223527494212641
se3,61,2.4150519530917522,0.9191468139078302,0.5454268830611673,-0.36652686224673986,-0.1369306676434369,-0.9202760735291785
se3,62,2.5019033391116854,0.8807423325323429,0.6169182543924634,-0.37474785339768363,-0.12897186782202072,-0.9181123589650275
se3,63,2.5860645309029664,0.8429937483169258,0.6848324488555968,-0.38263035856014355,-0.12129594953608744,-0.9159046355021221
se3,64,2.6661943200351876,0.8065741777487436,0.7482660473038001,-0.3900597509339781,-0.11402050847970716,-0.9137027494471885
se3,65,2.740931866917994,0.772191289597858,0.8063669771958406,-0.3969237044422943,-0.10726312177428395,-0.9115625022778423
se3,66,2.808901590374705,0.7405802432500477,0.8583263107384245,-0.40311190542328473,-0.10114122289767105,-0.9095445259781252
se3,67,2.8687185541569136,0.7124952885834313,0.903367385613504,-0.40851562056809365,-0.0957720160345655,-0.9077128999284632
se3,68,2.9189942954738144,0.688700067608911,0.9407322242680871,-0.41302711713318857,-0.09127243453735556,-0.9061335129031877
se3,69,2.95834309539023,0.6699566244864495,0.9696652710247358,-0.41653893661605595,-0.08775914296357681,-0.9048721716955737
se3,70,2.985388756649333,0.6570130889771693,0.9893945144870591,-0.4189430290429521,-0.08534857599620761,-0.9039924551630593
se3,71,2.9987720306918035,0.6505899495407915,0.9991101167179155,-0.4201297618113711,-0.0841570004619129,-0.9035533091708393
se3,72,2.9969174706851347,0.6531472518582543,1.0019061564049108,-0.4197779482016744,-0.08446926225968204,-0.9036876772076167
se3,73,2.9786768334678904,0.6717506479250209,1.0131111733630374,-0.4170535974227263,-0.08696025910907346,-0.904712225081791
se3,74,2.9452167807105845,0.7057868713352328,1.0333364003866798,-0.41206162329355644,-0.09151420433316755,-0.9065486026760763
se3,75,2.897812667471238,0.7538122906678872,1.0612713431705227,-0.4050012960735871,-0.09793216267056828,-0.909056236815622
se3,76,2.8377009021617687,0.8143896833998827,1.0955056162728485,-0.39606811619556254,-0.10601471362337289,-0.9120805489805452
se3,77,2.766108903005051,0.8860775553874518,1.1345832189156768,-0.38545706559131054,-0.11556128532019871,-0.9154607801106937
se3,78,2.684280876096267,0.9674214838425403,1.1770513337992576,-0.37336537287367205,-0.1263696777570492,-0.9190369975591207
se3,79,2.5934988566689587,1.0569480090861918,1.2215039166336858,-0.3599947118204189,-0.13823584678509807,-0.9226563055249449
se3,80,2.495098728657075,1.1531613167763788,1.2666201097651517,-0.3455527936687293,-0.1509539805039426,-0.9261782563619985
se3,81,2.3904811826618224,1.2545427035212777,1.3111973240307824,-0.3302543501939335,-0.16431686509579035,-0.929479441420344
se3,82,2.281117791485996,1.3595526046989157,1.354178696471776,-0.3143215366376762,-0.1781165076879097,-0.9324572275953428
se3,83,2.168552574751434,1.466634785131172,1.3946745501908548,-0.2979838111297775,-0.19214495974700127,-0.935032599831897
se3,84,2.0543995866117326,1.5742221530369012,1.431977454299357,-0.28147736991690864,-0.206195266024124,-0.9371520701006323
se3,85,1.9403371885309941,1.6807435577030696,1.4655705005056614,-0.26504423492382295,-0.22006245139831992,-0.9387886189223896
se3,86,1.8280997571823845,1.7846308735908138,1.4951284692633116,-0.24893110134240443,-0.23354445125213302,-0.939941645036434
se3,87,1.7194676205106005,1.8843256594899764,1.5205116410896555,-0.2333880575348892,-0.2464428902774917,-0.9406359106645713
se3,88,1.6162560084261357,1.9782847112804087,1.5417521050064662,-0.21866728713598702,-0.2585636197447527,-0.9409194822518443
se3,89,1.520303745154659,2.064983900285674,1.5590325132249552,-0.20502185359250522,-0.2697169340295445,-0.940860677808992
se3,90,1.4334622960346175,2.1429198046774114,1.5726573174065228,-0.19270465041004492,-0.2797174032407417,-0.9405440404545651
se3,91,1.3575856120119,2.2106087968965094,1.5830165874970423,-0.1819675761615152,-0.2883832797428785,-0.9400653621906532
se3,92,1.29452099090805,2.2665834434576158,1.5905425530541715,-0.1730609620421083,-0.29553546185925356,-0.9395257815518941
se3,93,1.2461008973488663,2.3093863030434414,1.5956590174595693,-0.16623324167692702,-0.30099602782907325,-0.9390249733594416
se3,94,1.2141353552488507,2.3375614736439756,1.5987237812847748,-0.16173080824359562,-0.3045863871165513,-0.9386534389476021
se3,95,1.2004041505405063,2.349644540192945,1.5999641827821023,-0.1597979529542774,-0.306125134638659,-0.9384838923359768
se3,96,1.1857867867398166,2.344828247731266,1.6025390343018349,-0.1578212543266574,-0.30552278991692566,-0.9390145241284283
se3,97,1.1300638506829002,2.32453798135214,1.6121745633229343,-0.15029080877801942,-0.30298044959158527,-0.9410714744173951
se3,98,1.035599713916867,2.2900885430870903,1.627352823209181,-0.13751109907209888,-0.2986581708923694,-0.9444013948481905
se3,99,0.9060361902542278,2.242731640333183,1.645818126548204,-0.11995492767668446,-0.29270468693564866,-0.9486489242981226
se3,100,0.745036970969162,2.1837113634425775,1.6649971243442427,-0.09809426450603784,-0.28526634694849384,-0.9534152435165284
se3,101,0.5563419947611057,2.114292852949209,1.682198173899479,-0.07241005047395027,-0.27649182370668574,-0.958284433774081
se3,102,0.34380691696801224,2.03578479857071,1.6947911432364091,-0.04339973541225423,-0.26653590797910576,-0.9628473776896836
se3,103,0.11142340945313634,1.949554266470693,1.7003675215032503,-0.011581967046993824,-0.2555621872897728,-0.9667232419193145
se3,104,-0.1366814762581232,1.857033177434766,1.6968796426486359,0.02250182416065346,-0.24374451283041598,-0.9695784034179528
se3,105,-0.396266408905694,1.7597165103515298,1.6827571161303128,0.0582889026406042,-0.23126725636426523,-0.9711425538831565
se3,106,-0.6630149059017654,1.6591529795656224,1.6569982754248913,0.09519946229714153,-0.2183244483852497,-0.9712216521554756
se3,107,-0.9325884201236796,1.5569295161237262,1.6192346169144425,0.13264308770204805,-0.20511796765908114,-0.9697073943351546
se3,108,-1.2006880610209316,1.4546513497888753,1.5697667629260634,0.17002673391453144,-0.19185501743819516,-0.966582930760805
se3,109,-1.4631188056017381,1.3539198181050198,1.5095713481613933,0.20676339475081984,-0.178745171632275,-0.9619246655582054
se3,110,-1.7158497028444228,1.2563102022120447,1.4402792663494328,0.242280568893201,-0.16599730197193827,-0.9559001107201652
se3,111,-1.9550636993623887,1.1633518963409637,1.3641267697891575,0.27602763748897235,-0.1538167026949679,-0.9487619118168185
se3,112,-2.177191291928308,1.0765130593084222,1.283881829545322,0.30748133464430866,-0.1424027118785609,-0.9408382945517185
se3,113,-2.378923192241243,0.9971915828461604,1.2027487910434769,0.33614861821841036,-0.13194708908094258,-0.9325202797542363
se3,114,-2.5571984989390453,0.926713762742502,1.1242545779160218,0.361566424185094,-0.12263334954563693,-0.9242460616530763
se3,115,-2.709166431427416,0.8663414986101798,1.0521194240960634,0.38329800364998784,-0.1146371787463558,-0.9164829281808855
se3,116,-2.832121418223206,0.8172881999871926,0.9901143153908495,0.40092578808156415,-0.10812796050064112,-0.9097070169066239
se3,117,-2.9234132037207727,0.7807428572080202,0.9419060144071567,0.41404099902833735,-0.10327134958648393,-0.9043810477217016
se3,118,-2.9803356383629707,0.7579009496805738,0.910888799426423,0.42223051224069347,-0.10023270669161438,-0.9009299634501201
se3,119,-3.0,0.7499999999999998,0.8999999999999998,0.42506180818548867,-0.09918108857661401,-0.8997141606592844
so3,0,-3.0,0.75,0.9,0.42506180818548867,-0.09918108857661401,-0.8997141606592843
so3,1,-2.9917633884992454,0.7554052762973702,0.8933077531556369,0.42423339095709073,-0.1003203493844847,-0.8999788094707691
so3,2,-2.9680030192996627,0.7709980185845965,0.8740024531809759,0.4218397897579788,-0.10360652857534912,-0.9007313023391101
so3,3,-2.930143090355272,0.7958435969543527,0.8432412609136586,0.41801409747935203,-0.10884178456057242,-0.901896712624119
so3,4,-2.879607799620095,0.8290073814993125,0.8021813371913273,0.41288541109151783,-0.11582758405763839,-0.90338785030526
so3,5,-2.8178213450481526,0.8695547423121498,0.7519798428516241,0.4065809805048535,-0.12436454235428894,-0.9051106931733377
so3,6,-2.7462079245934654,0.9165510494855381,0.693793938732191,0.3992281098481543,-0.13425231155900288,-0.9069692570027577
so3,7,-2.6661917362100547,0.9690616731121514,0.6287807856706698,0.3909557658554582,-0.14528957852632954,-0.9088699178188335
so3,8,-2.5791969778519417,1.0261519832846633,0.5580975445047026,0.3818958666409245,-0.15727420681457768,-0.9107251895678644
so3,9,-2.4866478474731464,1.0868873500957477,0.4829013760719315,0.3721842405996594,-0.1700035330554292,-0.9124569522985325
so3,10,-2.3899685430276905,1.1503331436380781,0.4043494412099985,0.3619612597103432,-0.18327480752786876,-0.9139991200184625
so3,11,-2.290583262469595,1.2155547340043285,0.32359890075654596,0.3513721641859474,-0.19688575160245594,-0.9152997339949464
so3,12,-2.1899162037528805,1.2816174912871723,0.2418069155492153,0.34056710614935476,-0.21063519114245444,-0.9163224664174918
so3,13,-2.0893915648315677,1.3475867855792836,0.1601306464256487,0.3297009486399449,-0.22432371499583068,-0.9170475207732637
so3,14,-1.9904335436596785,1.4125279869733363,0.07972725422348864,0.31893286257177866,-0.23775430143900078,-0.9174719185452074
so3,15,-1.8944663381912332,1.4755064655620032,0.0017538997803768774,0.30842576803326394,-0.2507328528462983,-0.9176091663211782
so3,16,-1.8029141463802527,1.5355875914379593,-0.07263225606604476,0.29834566732393214,-0.26306857990957433,-0.9174883024068466
so3,17,-1.717201166180758,1.5918367346938775,-0.14227405247813407,0.2888609151835941,-0.2745741813147226,-0.9171523268436089
so3,18,-1.6387515955467702,1.643319265422432,-0.20601432861824912,0.28014146665070333,-0.28506577274385453,-0.9166560226566679
so3,19,-1.5689896324323107,1.6891005537162962,-0.26269592364874766,0.2723581348157651,-0.29436253023354036,-0.9160631786040663
so3,20,-1.5093394747913993,1.7282459696681443,-0.311161676731988,0.26568187939446986,-0.3022860271019268,-0.915443224225487
so3,21,-1.461225320578058,1.7598208833706495,-0.3502544270303278,0.26028313256661534,-0.30865926071657857,-0.9148672863728404
so3,22,-1.4260713677463075,1.7828906649164857,-0.3788170137061251,0.2563311509841975,-0.3133053852385088,-0.9144036726827305
so3,23,-1.4053018142501688,1.7965206843983268,-0.395692275921738,0.2539933623502984,-0.316046189181408,-0.9141127819836562
so3,24,-1.399368012157903,1.7998841355622823,-0.3999578674771936,0.25328723596775254,-0.31672451006375457,-0.9140739361893493
so3,25,-1.3778893267638246,1.7959463765733679,-0.3985259551175883,0.24957934205027943,-0.3160166014059723,-0.9153380029571417
so3,26,-1.3278376699172005,1.78677023948482,-0.39518917799448006,0.2409192502414536,-0.31436305892242034,-0.9182231657108388
so3,27,-1.2518834127818206,1.7728452923433338,-0.3901255608521214,0.227726496270904,-0.31184362200599763,-0.9224392653775956
so3,28,-1.1526969265214735,1.7546611031956036,-0.3835131284347649,0.21041022110374727,-0.30853592272649355,-0.9276492458048912
so3,29,-1.0329485822999493,1.732707240088324,-0.3755299054866633,0.18937932773563806,-0.30451748541351015,-0.9334905309127834
so3,30,-0.8953087512810365,1.70747327106819,-0.36635391675206913,0.16505113468194574,-0.29986743312151076,-0.9395944047796999
so3,31,-0.7424478046285246,1.6794487641818963,-0.356163186975235,0.1378579577187367,-0.29466779235918356,-0.9456035509872962
so3,32,-0.5770361135062037,1.6491232874761375,-0.34513574090041355,0.10825129593467676,-0.2890043339854032,-0.951187758471542
so3,33,-0.40174404907786154,1.616986408997608,-0.33344960327185746,0.07670351903557585,-0.28296693023213,-0.9560576795165467
so3,34,-0.21924198250728932,1.5835276967930032,-0.3212827988338193,0.04370715209055999,-0.2766494458165034,-0.9599764418909217
so3,35,-0.03220028495827354,1.5492367189090168,-0.3088133523305516,0.00977202986546563,-0.27014921474458037,-0.9627688763172577
so3,36,0.15671067240539294,1.5146030433923445,-0.2962192885063072,-0.02457925865965707,-0.2635661828788068,-0.9643281222107115
so3,37,0.3448205184199239,1.4801162382896806,-0.28367863210533845,-0.05881709951570938,-0.25700181857986076,-0.964619414096152
so3,38,0.5294588819215278,1.44626587164772,-0.27136940787189817,-0.09241114354348773,-0.2505579086833866,-0.9636809196747607
so3,39,0.7079553917464168,1.413541511513157,-0.2594696405502389,-0.12483650907904491,-0.2443353639007147,-0.9616215866693419
so3,40,0.877639676730802,1.3824327259326863,-0.24815735488461324,-0.15557926006514736,-0.23843315599209994,-0.9586160461630236
so3,41,1.0358413657108918,1.3534290829530031,-0.2376105756192739,-0.1841405768563008,-0.232947498765313,-0.9548967016248475
so3,42,1.1798900875228993,1.327020150620802,-0.22800732749847338,-0.2100391336521188,-0.22797136656216638,-0.9507431926458616
so3,43,1.307115471003033,1.3036954969827772,-0.21952563526646449,-0.2328113307867876,-0.2235944182129521,-0.9464694503264732
so3,44,1.414847144987506,1.283944690085624,-0.21234352366749962,-0.2520091969064552,-0.21990336242782738,-0.9424085504002492
so3,45,1.500414738312527,1.2682572979760367,-0.20663901744583155,-0.26719597067339224,-0.21698276315151907,-0.9388955180162676
so3,46,1.5611478798143088,1.25712288870071,-0.20259014134571277,-0.2779395910292081,-0.2149162411178812,-0.9362481471502505
so3,47,1.5943761983290599,1.251031030306339,-0.20037492011139604,-0.2838045690589574,-0.21378798075640962,-0.9347457760617892
so3,48,1.6011730643814621,1.2494972581222306,-0.19899451624446124,-0.2849137542901651,-0.21349004801878854,-0.9344764052736798
so3,49,1.6139629554243842,1.2440158762466924,-0.188031752493385,-0.2861944090781283,-0.2123215867643859,-0.9343512744178575
so3,50,1.6398376651698745,1.232926714927197,-0.16585342985439352,-0.2887832214933035,-0.2099564795255389,-0.9340891433311874
so3,51,1.6775510204081632,1.2167638483965015,-0.13352769679300297,-0.29255159307221856,-0.2065063256162155,-0.9336855481752927
so3,52,1.7258568479294834,1.196061350887364,-0.09212270177472841,-0.2973697113092519,-0.20208220394387466,-0.9331313078259879
so3,53,1.7835089745240658,1.171353296632543,-0.04270659326508647,-0.30310703200879263,-0.19679509765955824,-0.9324150452904467
so3,54,1.8492612269821425,1.1431737598647964,0.01365248027040758,-0.3096327259483909,-0.19075625605476226,-0.9315254294960169
so3,55,1.9218674320939453,1.1120568148168806,0.07588637036623877,-0.3168161045420202,-0.18407748010390224,-0.9304531354245721
so3,56,2.000081416649705,1.078536535721555,0.14292692855689001,-0.3245270314128065,-0.17687132489969376,-0.9291925205847377
so3,57,2.0826570074396544,1.043146996811577,0.2137060063768462,-0.3326363200607942,-0.16925121820070066,-0.9277430159877205
so3,58,2.1683480312540238,1.0064222723197043,0.28715545536059167,-0.3410161121733502,-0.16133149941578326,-0.926110230228793
so3,59,2.2559083148830466,0.9688964364786942,0.3622071270426116,-0.3495402265914352,-0.1532273875844806,-0.9243067660081492
so3,60,2.344091685116953,0.9311035635213059,0.43779287295738845,-0.35808446551984413,-0.14505489026021284,-0.9223527494212641
so3,61,2.4316519687459754,0.8935777276802962,0.5128445446394075,-0.36652686224673986,-0.1369306676434369,-0.9202760735291785
so3,62,2.517342992560346,0.8568530031884232,0.5862939936231538,-0.37474785339768363,-0.12897186782202072,-0.9181123589650275
so3,63,2.599918583350295,0.8214634642784451,0.65707307144311,-0.38263035856014355,-0.12129594953608744,-0.9159046355021221
so3,64,2.6781325679060544,0.7879431851831193,0.7241136296337612,-0.3900597509339781,-0.11402050847970716,-0.9137027494471885
so3,65,2.750738773017857,0.7568262401352042,0.7863475197295916,-0.3969237044422943,-0.10726312177428395,-0.9115625022778423
so3,66,2.816491025475934,0.7286467033674567,0.8427065932650865,-0.40311190542328473,-0.10114122289767105,-0.9095445259781252
so3,67,2.8741431520705163,0.7039386491126357,0.8921227017747285,-0.40851562056809365,-0.0957720160345655,-0.9077128999284632
so3,68,2.9224489795918362,0.6832361516034987,0.9335276967930026,-0.41302711713318857,-0.09127243453735556,-0.9061335129031877
so3,69,2.960162334830126,0.6670732850728031,0.9658534298543938,-0.41653893661605595,-0.08775914296357681,-0.9048721716955737
so3,70,2.986037044575616,0.6559841237533075,0.988031752493385,-0.4189430290429521,-0.08534857599620761,-0.9039924551630593
so3,71,2.998826935618538,0.6505027418777695,0.9989945162444611,-0.4201297618113711,-0.0841570004619129,-0.9035533091708393
so3,72,2.9966257189974357,0.6531868209468662,1.001124760334188,-0.4197779482016744,-0.08446926225968204,-0.9036876772076167
so3,73,2.9766887278885847,0.6720162014385588,1.0077704240371383,-0.4170535974227263,-0.08696025910907346,-0.904712225081791
so3,74,2.940248842987516,0.7064316482895681,1.0199170523374945,-0.41206162329355644,-0.09151420433316755,-0.9065486026760763
so3,75,2.8889082869925033,0.7549199511737468,1.037030571002499,-0.4050012960735871,-0.09793216267056828,-0.909056236815622
so3,76,2.8242692826018203,0.8159678997649477,1.0585769057993932,-0.39606811619556254,-0.10601471362337289,-0.9120805489805452
so3,77,2.7479340525137386,0.8880622837370244,1.0840219824954203,-0.38545706559131054,-0.11556128532019871,-0.9154607801106937
so3,78,2.661504819426535,0.969689892763828,1.1128317268578218,-0.37336537287367205,-0.1263696777570492,-0.9190369975591207
so3,79,2.566583806038481,1.0593375165192123,1.1444720646538395,-0.3599947118204189,-0.13823584678509807,-0.9226563055249449
so3,80,2.4647732350478484,1.1554919446770315,1.178408921650717,-0.3455527936687293,-0.1509539805039426,-0.9261782563619985
so3,81,2.357675329152916,1.2566399669111352,1.2141082236156948,-0.3302543501939335,-0.16431686509579035,-0.929479441420344
so3,82,2.246892311051954,1.3612683728953772,1.2510358963160155,-0.3143215366376762,-0.1781165076879097,-0.9324572275953428
so3,83,2.1340264034432357,1.4678639523036108,1.2886578655189216,-0.2979838111297775,-0.19214495974700127,-0.935032599831897
so3,84,2.0206798290250347,1.5749134948096895,1.3264400569916552,-0.28147736991690864,-0.206195266024124,-0.9371520701006323
so3,85,1.9084548104956265,1.6809037900874642,1.3638483965014578,-0.26504423492382295,-0.22006245139831992,-0.9387886189223896
so3,86,1.7989535705532829,1.7843216278107883,1.4003488098155725,-0.24893110134240443,-0.23354445125213302,-0.939941645036434
so3,87,1.6937783318962782,1.883653797653515,1.4354072227012407,-0.2333880575348892,-0.2464428902774917,-0.9406359106645713
so3,88,1.5945313172228848,1.9773870892894978,1.468489560925705,-0.21866728713598702,-0.2585636197447527,-0.9409194822518443
so3,89,1.5028147492313781,2.0640082923925873,1.4990617502562076,-0.20502185359250522,-0.2697169340295445,-0.940860677808992
so3,90,1.4202308506200307,2.1420041966366377,1.5265897164599898,-0.19270465041004492,-0.2797174032407417,-0.9405440404545651
so3,91,1.348381844087116,2.2098615916955016,1.5505393853042948,-0.1819675761615152,-0.2883832797428785,-0.9400653621906532
so3,92,1.2888699523309075,2.2660672672430318,1.5703766825563643,-0.1730609620421083,-0.29553546185925356,-0.9395257815518941
so3,93,1.2432973980496795,2.3091080129530805,1.5855675339834403,-0.16623324167692702,-0.30099602782907325,-0.9390249733594416
so3,94,1.2132664039417054,2.3374706184995007,1.595577865352765,-0.16173080824359562,-0.3045863871165513,-0.9386534389476021
so3,95,1.2003791927052578,2.3496418735561453,1.5998736024315807,-0.1597979529542774,-0.306125134638659,-0.9384838923359768
so3,96,1.1860827375933074,2.3446981857498312,1.5976804562655513,-0.1578212543266574,-0.30552278991692566,-0.9390145241284283
so3,97,1.131562659665943,2.323928632253693,1.5885937766109905,-0.15029080877801942,-0.30298044959158527,-0.9410714744173951
so3,98,1.0392835334825983,2.2887746794219423,1.5732139222470998,-0.13751109907209888,-0.2986581708923694,-0.9444013948481905
so3,99,0.9129838786725751,2.2406605252086,1.5521639797787627,-0.11995492767668446,-0.29270468693564866,-0.9486489242981226
so3,100,0.7564022148651841,2.1810103675676893,1.5260670358108641,-0.09809426450603784,-0.28526634694849384,-0.9534152435165284
so3,101,0.5732770616897276,2.11124840445323,1.495546176948288,-0.07241005047395027,-0.27649182370668574,-0.958284433774081
so3,102,0.36734693877551083,2.032798833819242,1.4612244897959186,-0.04339973541225423,-0.26653590797910576,-0.9628473776896836
so3,103,0.1423503657518338,1.9470858536197462,1.423725060958639,-0.011581967046993824,-0.2555621872897728,-0.9667232419193145
so3,104,-0.09797413775198938,1.855533661808766,1.3836709770413353,0.02250182416065346,-0.24374451283041598,-0.9695784034179528
so3,105,-0.34988805210665774,1.7595664563403208,1.3416853246488905,0.0582889026406042,-0.23126725636426523,-0.9711425538831565
so3,106,-0.6096528576828664,1.6606084351684318,1.2983911903861889,0.09519946229714153,-0.2183244483852497,-0.9712216521554756
so3,107,-0.873530034851311,1.56008379624712,1.2544116608581148,0.13264308770204805,-0.20511796765908114,-0.9697073943351546
so3,108,-1.1377810639826853,1.4594167375304057,1.2103698226695525,0.17002673391453144,-0.19185501743819516,-0.966582930760805
so3,109,-1.398667425447686,1.3600314569723102,1.1668887624253856,0.20676339475081984,-0.178745171632275,-0.9619246655582054
so3,110,-1.6524505996170122,1.2633521525268527,1.1245915667304982,0.242280568893201,-0.16599730197193827,-0.9559001107201652
so3,111,-1.895392066861348,1.1708030221480579,1.0841013221897753,0.27602763748897235,-0.1538167026949679,-0.9487619118168185
so3,112,-2.123753307551395,1.0838082637899449,1.0460411154081009,0.30748133464430866,-0.1424027118785609,-0.9408382945517185
so3,113,-2.333795802057847,1.0037920754065341,1.0110340329903589,0.33614861821841036,-0.13194708908094258,-0.9325202797542363
so3,114,-2.521781030751401,0.9321786549518476,0.9797031615414333,0.361566424185094,-0.12263334954563693,-0.9242460616530763
so3,115,-2.6839704740027486,0.8703922003799052,0.9526715876662086,0.38329800364998784,-0.1146371787463558,-0.9164829281808855
so3,116,-2.816625612182588,0.8198569096447286,0.9305623979695687,0.40092578808156415,-0.10812796050064112,-0.9097070169066239
so3,117,-2.916007925661613,0.7819969807003377,0.9139986790563979,0.41404099902833735,-0.10327134958648393,-0.9043810477217016
so3,118,-2.97837889481052,0.7582366115007544,0.9036035175315801,0.42223051224069347,-0.10023270669161438,-0.9009299634501201
so3,119,-3.0,0.75,0.9,0.42506180818548867,-0.09918108857661401,-0.8997141606592844
euclidean,0,-3.0,0.75,0.9,0.4250618081854888,-0.09918108857661401,-0.8997141606592846
euclidean,1,-2.9917633884992454,0.7554052762973702,0.8933077531556369,0.4242440682982584,-0.10030567194195873,-0.899975412269699
euclidean,2,-2.9680030192996627,0.7709980185845965,0.8740024531809759,0.4218795439461786,-0.10355201726792754,-0.9007189517932366
euclidean,3,-2.930143090355272,0.7958435969543527,0.8432412609136586,0.4180950042691895,-0.1087312836555325,-0.9018725383111333
euclidean,4,-2.879607799620095,0.8290073814993125,0.8021813371913273,0.41301169047508585,-0.11565602225419588,-0.9033521063501478
euclidean,5,-2.8178213450481526,0.8695547423121498,0.7519798428516241,0.40674866508677654,-0.12413818816433685,-0.9050664250149826
euclidean,6,-2.7462079245934654,0.9165510494855381,0.693793938732191,0.3994258042766467,-0.13398742087411544,-0.9069213846444777
euclidean,7,-2.6661917362100547,0.9690616731121514,0.6287807856706698,0.3911663193507081,-0.1450097770256527,-0.9088240067100948
euclidean,8,-2.5791969778519417,1.0261519832846633,0.5580975445047026,0.3820987193137915,-0.15700703546356515,-0.9106862025493211
euclidean,9,-2.4866478474731464,1.0868873500957477,0.4829013760719315,0.372358153546463,-0.16977663264694576,-0.9124282440249933
euclidean,10,-2.3899685430276905,1.1503331436380781,0.4043494412099985,0.36208710590795185,-0.18311222448184755,-0.9139818603126175
euclidean,11,-2.290583262469595,1.2155547340043285,0.32359890075654596,0.351435449966835,-0.19680480956047344,-0.9152928446352423
euclidean,12,-2.1899162037528805,1.2816174912871723,0.2418069155492153,0.3405599176515852,-0.21064429241652372,-0.9163230459622237
euclidean,13,-2.0893915648315677,1.3475867855792836,0.1601306464256487,0.3296230762630807,-0.224421318999481,-0.9170516338644169
euclidean,14,-1.9904335436596785,1.4125279869733363,0.07972725422348864,0.31879194608460215,-0.2379291855045666,-0.9174755570568218
euclidean,15,-1.8944663381912332,1.4755064655620032,0.0017538997803768774,0.3082364173085116,-0.25096560995645995,-0.9176091617153761
euclidean,16,-1.8029141463802527,1.5355875914379593,-0.07263225606604476,0.2981276364240042,-0.2633341649922862,-0.9174829861899632
euclidean,17,-1.717201166180758,1.5918367346938775,-0.14227405247813407,0.2886365264644722,-0.2748451985628147,-0.917141795153558
euclidean,18,-1.6387515955467702,1.643319265422432,-0.20601432861824912,0.27993258298571944,-0.285316112501817,-0.916641950234547
euclidean,19,-1.5689896324323107,1.6891005537162962,-0.26269592364874766,0.272183050932783,-0.29457092115081596,-0.9160482297331739
euclidean,20,-1.5093394747913993,1.7282459696681443,-0.311161676731988,0.2655525405921538,-0.3024390672920906,-0.9154302041993934
euclidean,21,-1.461225320578058,1.7598208833706495,-0.3502544270303278,0.2602030877232699,-0.30875352564430125,-0.9148582477856829
euclidean,22,-1.4260713677463075,1.7828906649164857,-0.3788170137061251,0.25629460680914407,-0.3133482727457951,-0.9143992205201037
euclidean,23,-1.4053018142501688,1.7965206843983268,-0.395692275921738,0.25398562832184374,-0.3160552471343049,-0.9141117991607108
euclidean,24,-1.399368012157903,1.7998841355622823,-0.3999578674771936,0.25329316225379833,-0.31672564147262705,-0.9140719019799395
euclidean,25,-1.3778893267638246,1.7959463765733679,-0.3985259551175883,0.24978279890965135,-0.3160554463469618,-0.9152690905975593
euclidean,26,-1.3278376699172005,1.78677023948482,-0.39518917799448006,0.24155393533576952,-0.3144842523033157,-0.918014897143302
euclidean,27,-1.2518834127818206,1.7728452923433338,-0.3901255608521214,0.2289388882870162,-0.3120751758513394,-0.9220607735107598
euclidean,28,-1.1526969265214735,1.7546611031956036,-0.3835131284347649,0.21224115598416884,-0.30888570393556564,-0.9271155880529319
euclidean,29,-1.0329485822999493,1.732707240088324,-0.3755299054866633,0.191759810033713,-0.3049723959154646,-0.9328558371931942
euclidean,30,-0.8953087512810365,1.70747327106819,-0.36635391675206913,0.16781207391822556,-0.300395239460754,-0.9389365303131945
euclidean,31,-0.7424478046285246,1.6794487641818963,-0.356163186975235,0.14075276602087713,-0.29522141044783135,-0.9450042209803432
euclidean,32,-0.5770361135062037,1.6491232874761375,-0.34513574090041355,0.11098906189391734,-0.289528142117748,-0.9507128289140487
euclidean,33,-0.40174404907786154,1.616986408997608,-0.33344960327185746,0.07898897737007265,-0.2834043962857952,-0.955741957653798
euclidean,34,-0.21924198250728932,1.5835276967930032,-0.3212827988338193,0.04528227789161948,-0.2769510852903953,-0.9598164468612831
euclidean,35,-0.03220028495827354,1.5492367189090168,-0.3088133523305516,0.010453269861646247,-0.2702797352898137,-0.9627250873644396
euclidean,36,0.15671067240539294,1.5146030433923445,-0.2962192885063072,-0.024873936865745967,-0.2635096977943858,-0.9643360028709446
euclidean,37,0.3448205184199239,1.4801162382896806,-0.28367863210533845,-0.06005582501176933,-0.256764262356933,-0.9646063505173785
euclidean,38,0.5294588819215278,1.44626587164772,-0.27136940787189817,-0.09445257412038355,-0.2501662322636415,-0.9635847484663957
euclidean,39,0.7079553917464168,1.413541511513157,-0.2594696405502389,-0.12745037969070466,-0.243833632102072,-0.9614060331476013
euclidean,40,0.877639676730802,1.3824327259326863,-0.24815735488461324,-0.15847966613768277,-0.23787618620851866,-0.9582792471173414
euclidean,41,1.0358413657108918,1.3534290829530031,-0.2376105756192739,-0.1870266999841584,-0.23239305083564257,-0.9544707870942609
euclidean,42,1.1798900875228993,1.327020150620802,-0.22800732749847338,-0.21263732272008537,-0.2274720514801015,-0.9502851334109507
euclidean,43,1.307115471003033,1.3036954969827772,-0.21952563526646449,-0.23491276390499374,-0.2231904385369324,-0.9460454648166802
euclidean,44,1.414847144987506,1.283944690085624,-0.21234352366749962,-0.25349846313019186,-0.21961698733695137,-0.9420758504832146
euclidean,45,1.500414738312527,1.2682572979760367,-0.20663901744583155,-0.26806737459692553,-0.2168151619241967,-0.9386858197695841
euclidean,46,1.5611478798143088,1.25712288870071,-0.20259014134571277,-0.27829936899883845,-0.21484703257529217,-0.9361571523032015
euclidean,47,1.5943761983290599,1.251031030306339,-0.20037492011139604,-0.2838582299098912,-0.21377765742985566,-0.9347318430952412
euclidean,48,1.6011730643814621,1.2494972581222306,-0.19899451624446124,-0.2849130400921606,-0.21349069936651757,-0.9344764742193556
euclidean,49,1.6139629554243842,1.2440158762466924,-0.188031752493385,-0.2861861424992851,-0.21232913238066253,-0.9343520917640491
euclidean,50,1.6398376651698745,1.232926714927197,-0.16585342985439352,-0.2887609640769265,-0.2099768312839902,-0.9340914494573317
euclidean,51,1.6775510204081632,1.2167638483965015,-0.13352769679300297,-0.29251191327566967,-0.2065427005983524,-0.9336899343043956
euclidean,52,1.7258568479294834,1.196061350887364,-0.09212270177472841,-0.2973125618734028,-0.20213476496773417,-0.9331381341171912
euclidean,53,1.7835089745240658,1.171353296632543,-0.04270659326508647,-0.30303559070704134,-0.19686106010543983,-0.9324243421205802
euclidean,54,1.8492612269821425,1.1431737598647964,0.01365248027040758,-0.3095527949706705,-0.19083038704458646,-0.9315368111385933
euclidean,55,1.9218674320939453,1.1120568148168806,0.07588637036623877,-0.3167351958097001,-0.1841528892271648,-0.9304657592435512
euclidean,56,2.000081416649705,1.078536535721555,0.14292692855689001,-0.32445328161250864,-0.17694042909720512,-0.9292051186911161
euclidean,57,2.0826570074396544,1.043146996811577,0.2137060063768462,-0.33257738131868675,-0.16930675685760044,-0.9277540123963713
euclidean,58,2.1683480312540238,1.0064222723197043,0.28715545536059167,-0.34097815340106524,-0.1613674791371764,-0.9261179382671046
euclidean,59,2.2559083148830466,0.9688964364786942,0.3622071270426116,-0.3495271583999108,-0.15323984926128226,-0.924309641916205
euclidean,60,2.344091685116953,0.9311035635213059,0.43779287295738845,-0.3580974706050677,-0.14504241305290297,-0.922349662526118
euclidean,61,2.4316519687459754,0.8935777276802962,0.5128445446394075,-0.3665642762865403,-0.13689455386296825,-0.9202665442539916
euclidean,62,2.517342992560346,0.8568530031884232,0.5862939936231538,-0.37480540216599423,-0.12891598709152063,-0.9180967153733894
euclidean,63,2.599918583350295,0.8214634642784451,0.65707307144311,-0.3827017186800164,-0.12122625723642012,-0.9158840478334639
euclidean,64,2.6781325679060544,0.7879431851831193,0.7241136296337612,-0.3901373677081041,-0.1139442892030487,-0.913679119426401
euclidean,65,2.750738773017857,0.7568262401352042,0.7863475197295916,-0.3969997731626639,-0.10718804028001097,-0.9115382077179892
euclidean,66,2.816491025475934,0.7286467033674567,0.8427065932650865,-0.4031794042482525,-0.10107429020527761,-0.9095220480282616
euclidean,67,2.8741431520705163,0.7039386491126357,0.8921227017747285,-0.4085692742873108,-0.09571859471220477,-0.9076943861976129
euclidean,68,2.9224489795918362,0.6832361516034987,0.9335276967930026,-0.4130641718832271,-0.09123541352929143,-0.9061203502982168
euclidean,69,2.960162334830126,0.6670732850728031,0.9658534298543938,-0.41655963525848566,-0.08773840758968077,-0.904864654026747
euclidean,70,2.986037044575616,0.6559841237533075,0.988031752493385,-0.418950694751187,-0.0853408825052207,-0.9039896288900265
euclidean,71,2.998826935618538,0.6505027418777695,0.9989945162444611,-0.4201304231618252,-0.08415633610836176,-0.9035530635367699
euclidean,72,2.9966257189974357,0.6531868209468662,1.001124760334188,-0.41978723672806223,-0.08446076242286284,-0.903684156932701
euclidean,73,2.9766887278885847,0.6720162014385588,1.0077704240371383,-0.41711580390859854,-0.08690342595195132,-0.9046890077189493
euclidean,74,2.940248842987516,0.7064316482895681,1.0199170523374945,-0.4122120000420148,-0.09137721903523549,-0.9064940545104246
euclidean,75,2.8889082869925033,0.7549199511737468,1.037030571002499,-0.4052576658850853,-0.09769958301426229,-0.9089670047478137
euclidean,76,2.8242692826018203,0.8159678997649477,1.0585769057993932,-0.39642891569924354,-0.10568908173756823,-0.9119615851553132
euclidean,77,2.7479340525137386,0.8880622837370244,1.0840219824954203,-0.3859020687399889,-0.11516209051720129,-0.9153235964673394
euclidean,78,2.661504819426535,0.969689892763828,1.1128317268578218,-0.3738587785308876,-0.1259300847080771,-0.9188967447329485
euclidean,79,2.566583806038481,1.0593375165192123,1.1444720646538395,-0.36049012109677664,-0.13779776191036294,-0.9225284003238741
euclidean,80,2.4647732350478484,1.1554919446770315,1.178408921650717,-0.3459994505376625,-0.1505621526438183,-0.926075276864087
euclidean,81,2.357675329152916,1.2566399669111352,1.2141082236156948,-0.33060389449548416,-0.1640127861852442,-0.9294088825227421
euclidean,82,2.246892311051954,1.3612683728953772,1.2510358963160155,-0.3145344502827141,-0.17793287900190996,-0.9324204899912071
euclidean,83,2.1340264034432357,1.4678639523036108,1.2886578655189216,-0.2980347521610953,-0.19210140842933243,-0.9350253126967959
euclidean,84,2.0206798290250347,1.5749134948096895,1.3264400569916552,-0.28135870007242836,-0.20629583556906056,-0.937165572415257
euclidean,85,1.9084548104956265,1.6809037900874642,1.3638483965014578,-0.26476725240277843,-0.220295163385136,-0.9388121979630429
euclidean,86,1.7989535705532829,1.7843216278107883,1.4003488098155725,-0.2485247706645897,-0.23388297200855293,-0.9399649960347245
euclidean,87,1.6937783318962782,1.883653797653515,1.4354072227012407,-0.23289534623144173,-0.24685007143224516,-0.940651263719787
euclidean,88,1.5945313172228848,1.9773870892894978,1.468489560925705,-0.21813953013704696,-0.25899645236728325,-0.9409229421439091
euclidean,89,1.5028147492313781,2.0640082923925873,1.4990617502562076,-0.2045118280043385,-0.2701322912075905,-0.9408525163134025
euclidean,90,1.4202308506200307,2.1420041966366377,1.5265897164599898,-0.1922592239323661,-0.280077861090912,-0.9405279275702897
euclidean,91,1.348381844087116,2.2098615916955016,1.5505393853042948,-0.18162087560805112,-0.2886623022072505,-0.9400467716171227
euclidean,92,1.2888699523309075,2.2660672672430318,1.5703766825563643,-0.1728289945048273,-0.29572129730775104,-0.9395100068530783
euclidean,93,1.2432973980496795,2.3091080129530805,1.5855675339834403,-0.16611080200334533,-0.30109377501377227,-0.9390153034459883
euclidean,94,1.2132664039417054,2.3374706184995007,1.595577865352765,-0.16169133920204226,-0.3046178238358706,-0.9386500371429966
euclidean,95,1.2003791927052578,2.3496418735561453,1.5998736024315807,-0.15979680050900502,-0.306126051642393,-0.938483789446
euclidean,96,1.1860827375933074,2.3446981857498312,1.5976804562655513,-0.15795031466730533,-0.30556633209702727,-0.9389786551276171
euclidean,97,1.131562659665943,2.323928632253693,1.5885937766109905,-0.15090391140883513,-0.3031875650519038,-0.9409066425099847
euclidean,98,1.0392835334825983,2.2887746794219423,1.5732139222470998,-0.13886593049686133,-0.2991168535929649,-0.9440579226106233
euclidean,99,0.9129838786725751,2.2406605252086,1.5521639797787627,-0.12216964146756698,-0.29345671717175076,-0.948133816425965
euclidean,100,0.7564022148651841,2.1810103675676893,1.5260670358108641,-0.10113323758007477,-0.2863020490796303,-0.9527870721989133
euclidean,101,0.5732770616897276,2.11124840445323,1.495546176948288,-0.07608936165689777,-0.2777511035606405,-0.9576349688234512
euclidean,102,0.36734693877551083,2.032798833819242,1.4612244897959186,-0.04741175481072884,-0.26791560248092744,-0.9622750934390066
euclidean,103,0.1423503657518338,1.9470858536197462,1.423725060958639,-0.015536893832371874,-0.2569292858446649,-0.9663053073461783
euclidean,104,-0.09797413775198938,1.855533661808766,1.3836709770413353,0.019021887999948004,-0.24495403578050717,-0.9693480737752356
euclidean,105,-0.34988805210665774,1.7595664563403208,1.3416853246488905,0.055670198204374646,-0.23218266543253727,-0.9710777718105427
euclidean,106,-0.6096528576828664,1.6606084351684318,1.2983911903861889,0.09373985724241657,-0.2188376881207087,-0.971248117332618
euclidean,107,-0.873530034851311,1.56008379624712,1.2544116608581148,0.13250757902964563,-0.20516590184611166,-0.9697157801229047
euclidean,108,-1.1377810639826853,1.4594167375304057,1.2103698226695525,0.17122288525945897,-0.19142935793111363,-0.9664561679070126
euclidean,109,-1.398667425447686,1.3600314569723102,1.1668887624253856,0.209141080010334,-0.17789403271740442,-0.9615683656275564
euclidean,110,-1.6524505996170122,1.2633521525268527,1.1245915667304982,0.24555590337077468,-0.16481803970885697,-0.9552681885765341
euclidean,111,-1.895392066861348,1.1708030221480579,1.0841013221897753,0.27982652273209796,-0.15244131808885214,-0.947870646087849
euclidean,112,-2.123753307551395,1.0838082637899449,1.0460411154081009,0.311394802864004,-0.14097837760129808,-0.9397650630866174
euclidean,113,-2.333795802057847,1.0037920754065341,1.0110340329903589,0.33979085259930886,-0.13061500533089418,-0.9313870821909896
euclidean,114,-2.521781030751401,0.9321786549518476,0.9797031615414333,0.36462698078153855,-0.12150908238868342,-0.9231915877991955
euclidean,115,-2.6839704740027486,0.8703922003799052,0.9526715876662086,0.3855818019431935,-0.1137950414255747,-0.9156294897813151
euclidean,116,-2.816625612182588,0.8198569096447286,0.9305623979695687,0.40237701605251536,-0.10759114559862898,-0.909129739003982
euclidean,117,-2.916007925661613,0.7819969807003377,0.9139986790563979,0.4147493890966885,-0.10300869256666911,-0.9040863639606722
euclidean,118,-2.97837889481052,0.7582366115007544,0.9036035175315801,0.4224199551887364,-0.10016236016299904,-0.9008489790552706
euclidean,119,-3.0,0.75,0.9,0.4250618081854888,-0.09918108857661401,-0.8997141606592846
left-perturbed,0,-3.0221966476511968,0.7296655251767435,0.9,0.4278455310796944,-0.08638651888051485,-0.8997141606592843
left-perturbed,1,-2.995552204220611,0.7345760193766105,0.9250177881605409,0.4184331585545302,-0.08536909269508244,-0.9042266363221654
left-perturbed,2,-2.95299640791143,0.7527291514527347,0.9391771803591277,0.4074604097170977,-0.08667259798914942,-0.9091005858929946
left-perturbed,3,-2.896306004133196,0.7828489526901785,0.9427985951555163,0.3950638929992648,-0.09008810931943366,-0.9142257122874609
left-perturbed,4,-2.8272351125787094,0.8235610795016187,0.9361702961171553,0.3813773635228919,-0.09540355249792755,-0.919483261817801
left-perturbed,5,-2.7475163374321023,0.8734242441849243,0.919591461124139,0.3665349578085206,-0.10240423914156299,-0.9247515863788195
left-perturbed,6,-2.658860419782914,0.9309591551407901,0.8934103164215125,0.3506738916118519,-0.11087342522044231,-0.9299112351841362
left-perturbed,7,-2.5629540679784717,0.9946751965990869,0.8580569181745634,0.3339365850378151,-0.12059295704932432,-0.934849557887996
left-perturbed,8,-2.4614558728420715,1.0630948981358117,0.8140702679282822,0.3164722023604355,-0.13134403613784085,-0.9394647887516366
left-perturbed,9,-2.3559904533593,1.1347760928183859,0.7621195587424704,0.29843761560932713,-0.14290810593481848,-0.9436695729160405
left-perturbed,10,-2.248141182583792,1.208331545323376,0.7030194676905487,0.2799978211285722,-0.15506783930549908,-0.947393891354792
left-perturbed,11,-2.1394420106221146,1.2824457508176565,0.6377395362540456,0.26132585680434833,-0.1676081860245002,-0.9505873408283164
left-perturbed,12,-2.03136902902165,1.3558885622144257,0.5674078084472843,0.24260228407105786,-0.18031742499340067,-0.9532207289013677
left-perturbed,13,-1.9253325064977198,1.4275252956498492,0.49330902063073667,0.22401431254463336,-0.19298815648838985,-0.9552869512509672
left-perturbed,14,-1.822670168353637,1.4963229876080992,0.4168777488572859,0.20575465551271915,-0.20541816551892952,-0.9568011282443599
left-perturbed,15,-1.7246424910676557,1.561352526301145,0.3396870105366603,0.18802021085263404,-0.21741108815040072,-0.957799989068798
left-perturbed,16,-1.6324307407082088,1.6217864478009563,0.26343287860624964,0.1710106636480386,-0.2287768180484833,-0.958340503392332
left-perturbed,17,-1.5471384019559578,1.6768922666657755,0.18991569048455026,0.15492710337746976,-0.23933160002656967,-0.9584977714464382
left-perturbed,18,-1.4697965277395322,1.7260212942826014,0.12101841449872117,0.1399707397838551,-0.2488977704065835,-0.9583621924361331
left-perturbed,19,-1.4013733929466048,1.7685929797270552,0.058682668754542706,0.1263417873427786,-0.25730311989218185,-0.9580359373555782
left-perturbed,20,-1.342788664841435,1.804074883157492,0.004882769310216847,0.11423856877000542,-0.2643798727986458,-0.9576287549276872
left-perturbed,21,-1.2949321128817717,1.8319584584429836,-0.038401983810356984,0.10385686356216833,-0.2699632964038844,-0.9572531381436039
left-perturbed,22,-1.2586866757082105,1.851730880498221,-0.06921679012186926,0.09538949859687557,-0.27388997559036654,-0.9570188738099918
left-perturbed,23,-1.2349554855342473,1.8628432074448358,-0.08566286735881753,0.08902614485841558,-0.27599581079881147,-0.9570269891456327
left-perturbed,24,-1.223794834386843,1.8647312825766647,-0.08618710318127903,0.08480182239194459,-0.2761332940010848,-0.9573709076753458
left-perturbed,25,-1.1970018585340978,1.858804329287448,-0.07814422169273828,0.07797589425494528,-0.2748337490657127,-0.9583246685177348
left-perturbed,26,-1.142678992045284,1.8462510876418239,-0.0664214823619417,0.06657416223947044,-0.27246389621032446,-0.9598600451024109
left-perturbed,27,-1.0634063502187492,1.8275484186525348,-0.05236198837267809,0.05106866036013322,-0.2691166565833968,-0.9617526797874779
left-perturbed,28,-0.961743202400229,1.8032431122783226,-0.037472628242939315,0.031927669225164684,-0.26489679847072173,-0.9637480532264697
left-perturbed,29,-0.840260766346714,1.7739512652837888,-0.02331015351494635,0.009621063283638584,-0.2599206380959337,-0.9655820509066512
left-perturbed,30,-0.7015672343070654,1.7403542010281232,-0.01138021574949058,-0.015375673991931536,-0.25431514245180403,-0.9669991711315024
left-perturbed,31,-0.5483230639642583,1.7031905661422222,-0.003049240500931926,-0.04257912245866694,-0.2482163742665751,-0.9677683864833596
left-perturbed,32,-0.38324582538417185,1.663244644583383,0.0005305148453197232,-0.07149741239610205,-0.24176729167153463,-0.9676965933072581
left-perturbed,33,-0.20910497635162173,1.62133132142434,-0.0015179310310001054,-0.10163145767709723,-0.23511498470643472,-0.9666395350785738
left-perturbed,34,-0.028707847591478375,1.5782784780990136,-0.009749771506787665,-0.1324777022097808,-0.228407492298987,-0.9645100703875024
left-perturbed,35,0.15512114949252326,1.5349078796169011,-0.024367180221580895,-0.16353201548675103,-0.22179039180109933,-0.9612836740606573
left-perturbed,36,0.3395655382631836,1.4920157988919638,-0.04520380440050319,-0.19429427647584405,-0.21540338443611376,-0.9570011055908954
left-perturbed,37,0.5218431210503579,1.4503546980559796,-0.07172507459144319,-0.22427312522124174,-0.2093771114330215,-0.9517682441180004
left-perturbed,38,0.6992306273533222,1.4106172458934028,-0.10304401304967643,-0.2529903396332658,-0.2038304263768242,-0.9457531630057003
left-perturbed,39,0.8690837221899165,1.3734238000173342,-0.13795182396476344,-0.27998431100333715,-0.19886832058746012,-0.9391805878843054
left-perturbed,40,1.0288497160692687,1.3393142384312744,-0.1749622241546535,-0.30481214428222503,-0.19458065324585402,-0.932323938382196
left-perturbed,41,1.1760707933962449,1.3087447125651084,-0.2123682797189606,-0.32704999524996275,-0.19104178110496972,-0.9254951855516267
left-perturbed,42,1.3083762217706305,1.2820895428001942,-0.24831049616631196,-0.3462913726377479,-0.18831111942684978,-0.9190327565091853
left-perturbed,43,1.4234627996690175,1.2596481190166864,-0.2808550925048297,-0.36214327513191547,-0.1864346018739678,-0.9132876805808917
left-perturbed,44,1.5190637271742744,1.241656330624176,-0.30808177807668474,-0.3742201978565002,-0.18544694740714643,-0.9086080966035979
left-perturbed,45,1.5929071356284512,1.2283017534631573,-0.3281809248959463,-0.38213622899573774,-0.1853745904071843,-0.9053221325695543
left-perturbed,46,1.642666693164261,1.219741575221429,-0.3395607421159799,-0.38549566591285594,-0.18623908796751484,-0.9037190346979707
left-perturbed,47,1.665908037119764,1.2161220449113366,-0.3409658384971124,-0.383882815921754,-0.18806078514203806,-0.9040282765111637
left-perturbed,48,1.6637382369036193,1.2167467088698658,-0.33148307471169175,-0.37740810736549213,-0.19067864449213018,-0.9062034953747645
left-perturbed,49,1.6680736226212682,1.2140474368043868,-0.3099407061648562,-0.3708711249766615,-0.19244470919366294,-0.9085260824885063
left-perturbed,50,1.685705784990216,1.206629309334372,-0.2767767986219021,-0.3654149026345442,-0.1930457393951019,-0.9106071004741754
left-perturbed,51,1.7152097984362358,1.1949642378551015,-0.23284675027624943,-0.36095064418643497,-0.19258450971954416,-0.9124833363286591
left-perturbed,52,1.7551899840885057,1.179463345845498,-0.17907415597007875,-0.3573854191819869,-0.19116168234378203,-0.9141842666331611
left-perturbed,53,1.804275237185564,1.1604913867870472,-0.11643764237084755,-0.3546227939681391,-0.18887615664091292,-0.9157338431284432
left-perturbed,54,1.8611147371249945,1.138380519819667,-0.045959463243188795,-0.3525634107030995,-0.1858254868873731,-0.9171520756431119
left-perturbed,55,1.924374230307652,1.1134433581180356,0.03130432937028928,-0.3511055312501598,-0.18210634692970598,-0.9184564139541193
left-perturbed,56,1.9927330329605517,1.0859852085672448,0.11427227501503828,-0.35014555710258854,-0.17781502346240385,-0.9196629307917018
left-perturbed,57,2.06488186108314,1.0563154178869547,0.2018445504674058,-0.34957853117842125,-0.17304792177565612,-0.9207873083987768
left-perturbed,58,2.1395215569794237,1.024757731923708,0.29290872909873195,-0.3492986225689276,-0.1679020696496703,-0.9218456309376353
left-perturbed,59,2.2153627463429606,0.9916595633052313,0.3863442807191764,-0.34919959118575383,-0.16247560664246902,-0.9228549846871198
left-perturbed,60,2.2911264267555476,0.9574000497700177,0.4810258130452556,-0.3491752257865668,-0.15686824745534955,-0.9238338674443514
left-perturbed,61,2.3655454582791338,0.9223967727753257,0.575825035755305,-0.34911974612188484,-0.1511817094428071,-0.9248024078676165
left-perturbed,62,2.4373669003818987,0.8871109946958889,0.6696114131748996,-0.3489281579861368,-0.14552009569702895,-0.9257823946871799
left-perturbed,63,2.5053551177820377,0.8520512639684398,0.7612514618149522,-0.3484965488159862,-0.13999022646957782,-0.926797114775582
left-perturbed,64,2.5682955621044936,0.8177752314464724,0.849606644190974,-0.34772231119106617,-0.13470191293558081,-0.9278709980118133
left-perturbed,65,2.6249991277861797,0.7848895181308719,0.9335298106325151,-0.34650428217748797,-0.12976816835456853,-0.929029065699542
left-perturbed,66,2.6743069806818167,0.754047474055018,1.0118601463685017,-0.3447427879214146,-0.1253053523937452,-0.9302961780194788
left-perturbed,67,2.71509576746737,0.7259446697803627,1.0834165924797607,-0.342339585245282,-0.12143324457997169,-0.9316960746321029
left-perturbed,68,2.7462831341863456,0.7013119647615114,1.1469897270240457,-0.3391976952096481,-0.11827504234259657,-0.9332502011375725
left-perturbed,69,2.7668335138594955,0.6809059996554077,1.201332117718885,-0.3352211276600295,-0.11595727770022013,-0.9349763127046011
left-perturbed,70,2.7757641863881357,0.6654969613439751,1.2451471912770455,-0.33031450066109125,-0.11460964413739058,-0.9368868448877455
left-perturbed,71,2.772151669062029,0.65585346904808,1.277076708421755,-0.32438256441810676,-0.1143647214404558,-0.9389870405875579
left-perturbed,72,2.754451237543703,0.6546234828125692,1.2995446153194898,-0.3171121152999357,-0.11552672973103902,-0.9413253853198966
left-perturbed,73,2.7200320125946345,0.6695151818122128,1.3269724365565607,-0.30766032469686894,-0.11879792261272132,-0.944050940463659
left-perturbed,74,2.6700505118239444,0.7002127604793643,1.3596416561420164,-0.29616860379486426,-0.1240922605472179,-0.9470402678864728
left-perturbed,75,2.6060098453525273,0.7454879647896109,1.3960551133474082,-0.2828810809300336,-0.1312359531274202,-0.95013442136289
left-perturbed,76,2.5294111075745946,0.8040795829171136,1.4347060158011304,-0.26804035784390556,-0.14004941229448814,-0.9531739236272044
left-perturbed,77,2.4417680831739874,0.8746800922561718,1.4741322417742144,-0.251888705463428,-0.1503462360378836,-0.9560063228709313
left-perturbed,78,2.344616851431403,0.9559256283960368,1.5129644065195058,-0.2346686925750546,-0.16193259354661907,-0.9584927959418265
left-perturbed,79,2.2395206054291097,1.0463898279985284,1.5499675517036857,-0.21662328939958017,-0.17460708019081309,-0.9605137781609094
left-perturbed,80,2.128070269997792,1.1445817966651977,1.5840761767178941,-0.1979955249527103,-0.18816106737756544,-0.9619735884222788
left-perturbed,81,2.0118817050967404,1.2489481682689576,1.6144222545382017,-0.17902780436559473,-0.20237953208049417,-0.9628040144592848
left-perturbed,82,1.8925904192370977,1.3578789593103062,1.640355860596803,-0.15996101015249903,-0.21704231454491008,-0.9629668264940285
left-perturbed,83,1.771844790757452,1.4697166884171349,1.6614580834827417,-0.14103352002235778,-0.23192572139168985,-0.9624551968725857
left-perturbed,84,1.6512988049253967,1.5827680360412362,1.677545969887171,-0.1224802737389846,-0.24680436621150595,-0.9612940171267894
left-perturbed,85,1.5326052654756472,1.6953171714897128,1.6886693688974503,-0.10453201349079104,-0.2614531217864498,-0.9595391202362107
left-perturbed,86,1.417410335585127,1.8056397811694065,1.6950996668144067,-0.08741480719957653,-0.2756490480890176,-0.9572754325531807
left-perturbed,87,1.307350112066393,1.9120167986299579,1.6973105271233908,-0.07134994328128472,-0.2891731586376751,-0.9546140947614734
left-perturbed,88,1.2040497450251544,2.012746866197478,1.6959508560959855,-0.05655425969757362,-0.30181189468455655,-0.9516886023994284
left-perturbed,89,1.1091253904432712,2.1061566492379877,1.6918102899625127,-0.04324094073005076,-0.3133581917242136,-0.9486500222548415
left-perturbed,90,1.024189031028516,2.1906082741210886,1.6857775352564708,-0.03162078255868086,-0.3236120452423648,-0.9456613401659338
left-perturbed,91,0.9508559251273718,2.264503364269054,1.6787918847357333,-0.021903893870994926,-0.33238051151705966,-0.9428909878649525
left-perturbed,92,0.8907541457908246,2.326283398377571,1.6717881774269625,-0.014301760370815942,-0.3394771135688322,-0.940505581596021
left-perturbed,93,0.8455353505008989,2.3744264037195157,1.665635379048667,-0.009029561714639209,-0.3447206609930307,-0.9386618842265672
left-perturbed,94,0.8168855719871179,2.407440318854719,1.661068841329999,-0.006308585128001515,-0.3479335345503512,-0.9374979772186084
left-perturbed,95,0.806534435024623,2.4238537092540895,1.6586161760146931,-0.0063685303881079606,-0.34893953152879703,-0.9371236018568518
left-perturbed,96,0.7951951022024326,2.4234211218096893,1.658059839631175,-0.006562060534382986,-0.3477335251271,-0.937570442614433
left-perturbed,97,0.742444576080858,2.408456552036849,1.658350659496934,-0.001344916147790681,-0.3446447213787686,-0.9387322340403075
left-perturbed,98,0.6510368036177387,2.3798260676602676,1.658805262534671,0.008916846390542778,-0.3397743015034809,-0.940464732931687
left-perturbed,99,0.5250960411253168,2.3382651957187233,1.6582742254404912,0.023676034389977563,-0.33320304267071815,-0.9425577848336621
left-perturbed,100,0.36879166404396224,2.2845044564949135,1.6553139917760995,0.042383381322686896,-0.3250097576790576,-0.9447604492150675
left-perturbed,101,0.18634277273943362,2.2193288144144843,1.6483672850777236,0.06448463301383121,-0.3152800720805211,-0.9468052641668048
left-perturbed,102,-0.01798458830225863,2.1436276381577217,1.6359224051812815,0.08941893435660256,-0.30411389493629254,-0.9484297512653257
left-perturbed,103,-0.2398906718818201,2.0584327084462704,1.6166513011693406,0.11661894270400615,-0.2916312552260587,-0.9493951933614753
left-perturbed,104,-0.4750664626315208,1.9649426249697686,1.5895257996049126,0.14551277713518299,-0.2779762730314102,-0.9495026189126461
left-perturbed,105,-0.7192280804767832,1.8645328334216884,1.5539110530248645,0.17552764569405457,-0.2633191418028445,-0.9486058586986041
left-perturbed,106,-0.9681583808182833,1.7587514173181158,1.509635221395166,0.20609477827846948,-0.24785611582933875,-0.9466215126502999
left-perturbed,107,-1.2177518631255386,1.6493017412795168,1.45703461450595,0.23665513454287285,-0.23180762110737546,-0.9435356771691435
left-perturbed,108,-1.4640583285800746,1.5380139323821562,1.3969739673092347,0.26666525660633544,-0.2154147301070349,-0.9394073317640174
left-perturbed,109,-1.7033204970550675,1.426807970829337,1.3308421192637032,0.29560259615263473,-0.19893435127141826,-0.9343683583213006
left-perturbed,110,-1.9320009777414098,1.317651757216178,1.2605240252363237,0.3229696624776817,-0.1826335718713525,-0.9286202536799227
left-perturbed,111,-2.14679453786529,1.2125178695651846,1.1883506297652626,0.3482964069900788,-0.166783648756141,-0.9224276813850448
left-perturbed,112,-2.3446224647460916,1.1133427789675736,1.117028578963951,0.3711403728905956,-0.15165415895414155,-0.9161090763018025
left-perturbed,113,-2.5226068942067967,1.0219920450370366,1.049551927262214,0.3910842870946427,-0.1375077979322357,-0.9100245523586177
left-perturbed,114,-2.67802421296987,0.9402344765795995,0.9890978439410176,0.4077309458563585,-0.12459624845249657,-0.9045613581524709
left-perturbed,115,-2.8082379808607714,0.8697274585121691,0.9389077922780892,0.4206954387835482,-0.11315744173286256,-0.9001170708120093
left-perturbed,116,-2.910613236717578,0.8120146695264345,0.9021547350676283,0.4295949643505895,-0.10341440200152056,-0.897080614027125
left-perturbed,117,-2.9824155664821204,0.7685363090844538,0.8817956506857926,0.4340367149989993,-0.09557571378741252,-0.8958110364172257
left-perturbed,118,-3.020699986982547,0.7406507748623604,0.8804071091790657,0.43360455881146576,-0.0898374864456026,-0.8966138034890221
left-perturbed,119,-3.0221966476511968,0.7296655251767433,0.8999999999999997,0.4278455310796945,-0.08638651888051486,-0.8997141606592844
right-perturbed,0,-2.9979840653926995,0.8196444102714375,0.893275073485338,0.42506180818548867,-0.09918108857661401,-0.8997141606592843
right-perturbed,1,-2.9808377319347983,0.8260678562538034,0.8919055919039057,0.4156923657200786,-0.09783235460172614,-0.9042282275372332
right-perturbed,2,-2.9475171660894897,0.8442487993542276,0.8800459032858174,0.40472717166848715,-0.0986295704796942,-0.9091029228531925
right-perturbed,3,-2.8995474396586314,0.8729447021157025,0.8583799953727611,0.39231329321495395,-0.10138160133872819,-0.9142275706173123
right-perturbed,4,-2.8384754197510556,0.9108511997822407,0.8275125898757774,0.37859725645637743,-0.10589456101687587,-0.9194838004830466
right-perturbed,5,-2.76586529323236,0.9566267374893439,0.788011090933133,0.3637270570917611,-0.11197188542043761,-0.9247512772712232
right-perturbed,6,-2.683294149382184,1.0089150181544073,0.7404429463289309,0.34785380869907073,-0.11941457380807291,-0.9299128385691782
right-perturbed,7,-2.5923472233878524,1.0663655883323542,0.6854080717747236,0.3311329949123521,-0.12802163248112414,-0.9348590274994641
right-perturbed,8,-2.4946125968539126,1.1276527042522348,0.6235661028596704,0.31372531376065677,-0.1375907255859103,-0.9394920008911839
right-perturbed,9,-2.391675321285626,1.1914924608061375,0.5556583455504127,0.2957971221809419,-0.14791901224679474,-0.9437287896029269
right-perturbed,10,-2.2851110751685186,1.2566580358573962,0.4825243983319385,0.27752050612549267,-0.15880412830808938,-0.9475038878612361
right-perturbed,11,-2.176479583643525,1.3219928027543486,0.40511351825462,0.25907301649020265,-0.1700452547743962,-0.9507711519894668
right-perturbed,12,-2.0673181209646443,1.386420995825955,0.32449089790063046,0.2406371229756656,-0.18144420372057082,-0.9535049952581276
right-perturbed,13,-1.9591354794143439,1.4489555760109945,0.24183910735742492,0.22239944664004704,-0.1928064459941753,-0.9557008739753751
right-perturbed,14,-1.8534068241391,1.5087029345439182,0.1584550301641252,0.20454983704020216,-0.20394200332038842,-0.9573750693685801
right-perturbed,15,-1.7515698620282227,1.5648640886751406,0.07574267965948694,0.1872803612983763,-0.21466613017143457,-0.9585637792182481
right-perturbed,16,-1.6550227354484472,1.6167320608519549,-0.004797683160725066,0.17078427009386002,-0.22479971758972125,-0.9593215415386485
right-perturbed,17,-1.5651240100272823,1.663685187277785,-0.08158370229807396,0.15525499949044197,-0.23416936157920448,-0.959719018896057
right-perturbed,18,-1.4831950617668619,1.705176168870275,-0.1529679471373255,0.14088525780033553,-0.2426070521855545,-0.9598401754273305
right-perturbed,19,-1.4105250847134854,1.740716753269933,-0.21725745821627943,0.12786623356068477,-0.2499494554702421,-0.9597788787138076
right-perturbed,20,-1.3483788381983712,1.7698580174391978,-0.27273557351515354,0.11638694441404236,-0.25603677882002646,-0.9596349551060691
right-perturbed,21,-1.2980071338206134,1.7921663045504292,-0.3176859252263404,0.1066337275053701,-0.2607112301298483,-0.9595097199312218
right-perturbed,22,-1.260659927578778,1.8071949560525975,-0.35041866776904257,0.09878985017935288,-0.2638151032502739,-0.959500993641272
right-perturbed,23,-1.2376017314767926,1.8144520719738073,-0.3692992014543393,0.09303519547974252,-0.265188545826504,-0.9596976021458374
right-perturbed,24,-1.229197910063524,1.813432395654785,-0.37290811918389377,0.08939224314604695,-0.26468945864754706,-0.9601815022932834
right-perturbed,25,-1.2063355059810852,1.8059799122640916,-0.3646364696757516,0.08303454260569791,-0.2629502464129064,-0.9612296461541614
right-perturbed,26,-1.1564235387855177,1.7935070950311303,-0.34755078635716474,0.0719439080533407,-0.26039632019233655,-0.9628176517515155
right-perturbed,27,-1.0817836468896067,1.7764465308574937,-0.32327708314131126,0.05659003411276278,-0.25712219986122903,-0.9647205514435971
right-perturbed,28,-0.984684111229329,1.7552194465557107,-0.2936833083524371,0.03744386432284013,-0.25322148892664487,-0.966683420034887
right-perturbed,29,-0.867395038152865,1.730246467750641,-0.2607631539194402,0.014982561196993545,-0.24878780315099114,-0.9684421262333036
right-perturbed,30,-0.7322348565254115,1.7019567056627392,-0.22653095160535056,-0.010306999112494419,-0.2439154325482399,-0.9697417323875982
right-perturbed,31,-0.5816052133307908,1.6707946159146476,-0.19292684539926264,-0.037926557483663435,-0.23869967076687965,-0.970352535634973
right-perturbed,32,-0.4180126766368653,1.637224324997225,-0.16173223292891378,-0.06736673739337397,-0.23323679128374314,-0.9700836674661809
right-perturbed,33,-0.24407684613095812,1.6017313463594598,-0.13449611354516638,-0.09810914640780523,-0.2276236892003303,-0.9687941223531258
right-perturbed,34,-0.06252553940814728,1.5648218112844912,-0.11247341420937475,-0.12963003920161417,-0.22195724053034266,-0.9664010742506155
right-perturbed,35,0.12382134257414806,1.5270195180471267,-0.09657656454060183,-0.16140512829057427,-0.2163334571516388,-0.9628853617530612
right-perturbed,36,0.31207688755727186,1.4888612519846147,-0.08734156476227121,-0.192915028580293,-0.21084653442268786,-0.9582940731684648
right-perturbed,37,0.49931820233835855,1.4508909434910509,-0.08490956423818152,-0.22365076383833285,-0.20558789929399035,-0.9527402329588137
right-perturbed,38,0.6826200380676861,1.4136533051314133,-0.08902459298239393,-0.25311874856371347,-0.20064536931666876,-0.9463996697470456
right-perturbed,39,0.8590874956693231,1.3776876189066947,-0.099047627529178,-0.28084468672590734,-0.19610252738323714,-0.9395052212157916
right-perturbed,40,1.0258843877413648,1.3435223281082964,-0.11398669737634753,-0.30637589662667575,-0.19203840385567156,-0.9323384907911753
right-perturbed,41,1.1802541643941993,1.3116710255245614,-0.13254232123277113,-0.3292816740629761,-0.1885275378161545,-0.9252194045799419
right-perturbed,42,1.3195308670008248,1.2826303236305856,-0.15316726947115938,-0.34915143832825346,-0.18564046359969563,-0.9184938167390143
right-perturbed,43,1.4411383327409193,1.2568799470916483,-0.17413953324370052,-0.3655905616217047,-0.18344463863572266,-0.9125193728403445
right-perturbed,44,1.5425768078727877,1.2348852083921968,-0.1936474751992988,-0.37821395750340064,-0.18200579483090493,-0.9076497633986286
right-perturbed,45,1.621397215897177,1.217101818046151,-0.20988645108136736,-0.3866376957912044,-0.1813896587307238,-0.904217387522945
right-perturbed,46,1.6751645552476528,1.2039827441739286,-0.22116670703126265,-0.3904691206660248,-0.18166394534795305,-0.9025143083447027
right-perturbed,47,1.7014132727901736,1.1959865718026794,-0.2260330239064075,-0.38929618052789694,-0.18290048595553687,-0.9027712313003885
right-perturbed,48,1.7012414050568316,1.1927065984735599,-0.22293936086932842,-0.3832288085394089,-0.18498474203647874,-0.9049399568585544
right-perturbed,49,1.706203306962523,1.1864660378120653,-0.20754283904305998,-0.37702678911302356,-0.1862264372343561,-0.9072874485884406
right-perturbed,50,1.7232960523047103,1.1756710248718474,-0.17992950577733346,-0.3718181149787981,-0.18629711274070498,-0.9094199663291379
right-perturbed,51,1.7514460656556663,1.1606581090735664,-0.1413717037950741,-0.3675105074644716,-0.18530304766991454,-0.9113719369321442
right-perturbed,52,1.789599774352075,1.1417356057990156,-0.0931768122052211,-0.36401003820780353,-0.18335097044784035,-0.9131698164743449
right-perturbed,53,1.8367114197054872,1.1191997105898035,-0.03667112238384204,-0.36122163199471935,-0.1805482066446453,-0.914834016451331
right-perturbed,54,1.891732341278867,1.0933487504617971,0.026814671636168998,-0.3590494735891154,-0.1770028174904432,-0.9163806404086808
right-perturbed,55,1.9536018619642117,1.06449550590005,0.095958504544266,-0.3573973376361998,-0.17282371221742335,-0.917823026267017
right-perturbed,56,2.0212398407716137,1.0329775646070252,0.16945855054048023,-0.356168855376716,-0.16812072277254161,-0.9191730898117492
right-perturbed,57,2.0935409067377915,0.999165693019063,0.2460434040666757,-0.3552677271275271,-0.16300463426086106,-0.9204424649434227
right-perturbed,58,2.169370340762935,0.9634702346024729,0.32448076620330857,-0.354597885325845,-0.15758716869748973,-0.9216434364678933
right-perturbed,59,2.2475615324539815,0.9263455651162863,0.40358453023457896,-0.3540636094548377,-0.15198092323826254,-0.9227896615326039
right-perturbed,60,2.3269149064556305,0.888292654106033,0.4822201301434163,-0.353569591414164,-0.14629926698844153,-0.9238966763149795
right-perturbed,61,2.406198187765152,0.8498597982868012,0.5593079980644827,-0.3530209479059536,-0.1406562027123885,-0.9249821852220255
right-perturbed,62,2.484147858757467,0.8116416053873867,0.6338249702307744,-0.3523231751971881,-0.13516620124328052,-0.926066130608626
right-perturbed,63,2.55947165274447,0.7742763155442418,0.704803484702335,-0.3513820412008679,-0.12994401708347175,-0.927170541780595
right-perturbed,64,2.630851930487172,0.7384415505065804,0.7713284270217736,-0.35010341018347646,-0.12510449356506068,-0.9283191627170744
right-perturbed,65,2.6969497977241734,0.7048485778443407,0.8325315007062777,-0.34839299653498657,-0.12076236499024287,-0.9295368584232343
right-perturbed,66,2.7564098439096547,0.6742351672632866,0.887583027019082,-0.3461560459008106,-0.11703206138845625,-0.9308488000172125
right-perturbed,67,2.807865415255659,0.6473570984383523,0.9356811117944689,-0.34329694453981113,-0.11402751892074035,-0.9322794284968483
right-perturbed,68,2.84994437897017,0.6249783541334919,0.976038155541878,-0.3397187610088454,-0.11186199555015446,-0.933851196588703
right-perturbed,69,2.8812753902234665,0.6078599987358686,1.0078647263676408,-0.33532272816255304,-0.11064788740724786,-0.9355830871653973
right-perturbed,70,2.9004947386286317,0.5967477009908345,1.030350863710547,-0.3300076779946638,-0.11049653634279816,-0.9374889054921209
right-perturbed,71,2.906253926462266,0.5923578113742827,1.0426449354330285,-0.32366944705492645,-0.11151801350958994,-0.9395753411547333
right-perturbed,72,2.896978329611034,0.5971485241105098,1.0477824104654812,-0.31598163086591446,-0.11399229903155195,-0.9418924379762363
right-perturbed,73,2.8714942497637397,0.6181935754673513,1.060983672139209,-0.3060784314576561,-0.11859613962828475,-0.9445903606652406
right-perturbed,74,2.8309779466423777,0.6548680294092577,1.082798684925658,-0.2940780347462884,-0.12520240873694066,-0.947545495649802
right-perturbed,75,2.7767235599336226,0.7057110165822512,1.111872355153729,-0.28020408297155,-0.13359625602404235,-0.95059860733247
right-perturbed,76,2.709991420187552,0.7692647940986567,1.1467614594324411,-0.264682157809533,-0.14355974222680232,-0.9535900354707277
right-perturbed,77,2.632037396646836,0.8440646917221726,1.1859893211533736,-0.24774189812045064,-0.1548721408968524,-0.9563673833259381
right-perturbed,78,2.544137818090716,0.9286312759565633,1.228094874702977,-0.22961844798947176,-0.16731056061042832,-0.958792232264702
right-perturbed,79,2.447609460884238,1.0214651990811203,1.271676333500867,-0.21055322149928207,-0.18065088832826878,-0.9607458547724688
right-perturbed,80,2.343824377873126,1.1210449134670095,1.3154294528482875,-0.19079401410444466,-0.1946690160918367,-0.9621338879572577
right-perturbed,81,2.2342195914919354,1.2258271816829256,1.3581802023814324,-0.17059452774872136,-0.20914228193475015,-0.9628899277743621
right-perturbed,82,2.120301896175963,1.3342501001999425,1.398911542079638,-0.1502134074735843,-0.2238510320807102,-0.9629780099522397
right-perturbed,83,2.0036482075397153,1.444738180315568,1.436783931319669,-0.12991291058684984,-0.23858019539884195,-0.9623939557303463
right-perturbed,84,1.8859020552879966,1.55570889621201,1.4711491888108905,-0.10995734489941177,-0.25312075272499573,-0.9611655772251747
right-perturbed,85,1.7687669386958145,1.665580018853242,1.5015573549593628,-0.09061141964940483,-0.26727098283839557,-0.9593517563238824
right-perturbed,86,1.6539973425929337,1.7727770072595999,1.5277562768765505,-0.07213865130618885,-0.28083737316944635,-0.9570404300859024
right-perturbed,87,1.5433882433563604,1.8757397263033604,1.549683727447143,-0.05479995654937809,-0.2936350960440692,-0.9543455323588917
right-perturbed,88,1.4387639146300575,1.9729278022568726,1.567451970246685,-0.0388525466950182,-0.30548796960826413,-0.9514029535585495
right-perturbed,89,1.3419667688319594,2.0628240126008848,1.5813247785177207,-0.02454921226741637,-0.3162278456001246,-0.9483655865984136
right-perturbed,90,1.2548468418698941,2.143935232960344,1.5916869971360248,-0.012138054017247324,-0.32569339293720184,-0.9453975256164613
right-perturbed,91,1.1792523451009298,2.2147906289339203,1.59900679235771,-0.0018626782373523459,-0.33372827588868414,-0.9426674749359663
right-perturbed,92,1.117021471741905,2.2739369815343076,1.6037907596559648,0.006037169566584752,-0.34017875787630875,-0.9403414088900668
right-perturbed,93,1.0699753567056258,2.3199312700882935,1.6065320544031625,0.011324607198235555,-0.3448907965198324,-0.938574499838836
right-perturbed,94,1.039911751593657,2.3513309050535316,1.607651678537215,0.013764382166601639,-0.347706732669738,-0.9375023039116795
right-perturbed,95,1.0285985928361279,2.3666823061946785,1.6074330103543064,0.013121587301677614,-0.3484617165861437,-0.9372311646656456
right-perturbed,96,1.0168801489018522,2.3651296723707307,1.608586303978965,0.012026878309822403,-0.34702093020202174,-0.9377802664802903
right-perturbed,97,0.9644932536658191,2.3479926494088073,1.6159239274168429,0.016015865817533264,-0.34347999635563525,-0.9390234204457565
right-perturbed,98,0.8738284995962875,2.3165977765671917,1.6280666961971204,0.024780357800708277,-0.33801200946343596,-0.9408155054662732
right-perturbed,99,0.748559302478289,2.2722140949430045,1.642932940734352,0.03783672414173901,-0.3307856966546421,-0.9429470850450332
right-perturbed,100,0.5923784540272312,2.2161027727732403,1.658124760721003,0.054701104014949264,-0.321968712386805,-0.9451687349164322
right-perturbed,101,0.4090473738679259,2.149543781833635,1.6711250598534726,0.07488424986760357,-0.3117305041328191,-0.9472150980188528
right-perturbed,102,0.20243161664534476,2.073856790625003,1.6794745673758493,0.09788772565890863,-0.30024456946352635,-0.9488262178465497
right-perturbed,103,-0.023481542238756203,1.9904148067650353,1.680928742058884,0.12320193801480346,-0.2876899399224737,-0.9497661717163862
right-perturbed,104,-0.2645851573335056,1.9006499174270801,1.673593480626988,0.15030618781177843,-0.27425182450166696,-0.9498389266938881
right-perturbed,105,-0.5166738244468395,1.8060512138220035,1.6560379045912137,0.17867067707148923,-0.2601214309706461,-0.9489012753203566
right-perturbed,106,-0.7754816744295754,1.708155641036721,1.6273822555734896,0.20776019287042874,-0.2454950568329456,-0.946872683801276
right-perturbed,107,-1.0367331985561916,1.608533074290214,1.5873591021616156,0.23703901935068158,-0.23057260221506418,-0.943741902435746
right-perturbed,108,-1.296201761888688,1.5087673669684651,1.5363466061045334,0.26597650480520557,-0.21555570287214673,-0.9395702410415633
right-perturbed,109,-1.5497698943721783,1.4104354240453478,1.4753734197782822,0.2940526366352981,-0.20064571100964695,-0.9344914903525139
right-perturbed,110,-1.7934851382028922,1.3150865102779599,1.4060957630703836,0.32076295453066755,-0.1860417634772467,-0.9287085599061922
right-perturbed,111,-2.023605378278283,1.224223997384914,1.3307482089658405,0.3456221609635982,-0.17193917053855723,-0.922486988247187
right-perturbed,112,-2.2366281656729363,1.1392915896468663,1.2520705421619673,0.36816586500214155,-0.15852833418238976,-0.9161455469021184
right-perturbed,113,-2.42929951122138,1.0616657541722287,1.1732136050572146,0.3879500154795914,-0.14599436394628043,-0.9100441918859248
right-perturbed,114,-2.5985989082960472,0.9926556392860424,1.0976271978206953,0.40454773658594306,-0.1345175021321588,-0.9045696050848242
right-perturbed,115,-2.741698865892288,0.9335112147861215,1.028932779008519,0.4175434671497528,-0.1242744008805927,-0.9001185068235922
right-perturbed,116,-2.855898930135626,0.8854397325840403,0.9707828910905155,0.4265245203222549,-0.11544021220663478,-0.8970788097873885
right-perturbed,117,-2.9385360055962093,0.8496299001313853,0.9267079326915916,0.43107042258918515,-0.1081913592434941,-0.8958085289579613
right-perturbed,118,-2.9868747602129515,0.8272823846528057,0.8999491916786957,0.43074066431590935,-0.10270875170933527,-0.8966121750383493
right-perturbed,119,-2.9979840653926995,0.8196444102714373,0.8932750734853377,0.4250618081854887,-0.09918108857661402,-0.8997141606592844
